{
  "Cuisine": {
    "No": [
      0.20078740157480313,
      0.25590551181102356,
      0.28740157480314954,
      0.25590551181102356
    ],
    "Yes": [
      0.2480314960629921,
      0.24409448818897642,
      0.2755905511811025,
      0.2322834645669292
    ]
  },
  "TimeOfDay": {
    "No": [
      0.2992125984251968,
      0.22440944881889766,
      0.20078740157480313,
      0.2755905511811025
    ],
    "Yes": [
      0.19685039370078738,
      0.20078740157480313,
      0.3425196850393701,
      0.2598425196850393
    ]
  },
  "Weather": {
    "No": [
      0.35968379446640303,
      0.2529644268774702,
      0.3873517786561266
    ],
    "Yes": [
      0.26482213438735164,
      0.4426877470355729,
      0.2924901185770752
    ]
  },
  "HungerLevel": {
    "No": [
      0.13833992094861655,
      0.5019762845849801,
      0.35968379446640303
    ],
    "Yes": [
      0.5059288537549406,
      0.14229249011857706,
      0.3517786561264821
    ]
  }
}